{
  "accounts": [
    {
      "id": 2,
      "username": "michal",
      "password": "Michal123123",
      "points": 0
    },
    {
      "id": 4,
      "username": "K8888888",
      "password": "K8888888",
      "points": 3
    },
    {
      "id": 7,
      "username": "mati",
      "password": "Elo123456",
      "points": 0
    },
    {
      "id": 8,
      "username": "adam",
      "password": "Mole1234",
      "points": 6
    },
    {
      "id": 9,
      "username": "ktos",
      "password": "ktos12345",
      "points": 10
    },
    {
      "id": 11,
      "username": "mati3",
      "password": "Hello1334",
      "points": 8
    },
    {
      "id": 12,
      "username": "oski",
      "password": "oski1234",
      "points": 1
    },
    {
      "id": 13,
      "username": "piotrek",
      "password": "piotrek123",
      "points": 7
    },
    {
      "id": 14,
      "username": "user",
      "password": "asd12345",
      "points": 1
    },
    {
      "id": 15,
      "username": "konto",
      "password": "konto1234",
      "points": 1
    }
  ]
}